max_features,n_estimators,R2
1,10,0.3990361507112849
1,20,0.4062205242136601
1,30,0.40674262988204396
1,40,0.41533245943292946
1,50,0.4191338973067661
2,10,0.41723086418424904
2,20,0.4505662197614953
2,30,0.4413761518619249
2,40,0.45066411256251176
2,50,0.4456007468948215
3,10,0.4285916796878021
3,20,0.44483907967812275
3,30,0.4463178376392179
3,40,0.44194781065012967
3,50,0.4446822152007502
