Accuracy,Balanced_Accuracy,Precision,Recall,MCC,F1,Cohen_Kappa
0.9982698961937716,0.9969879518072289,0.9982740853071038,0.9982698961937716,0.9957756686614713,0.9982683312916747,0.9957667462537901
